url_path,views_total,views_unique
/nutui-uniapp/nutui-uniapp,458,213
/nutui-uniapp/nutui-uniapp/issues,205,62
/nutui-uniapp/nutui-uniapp/releases,118,70
/nutui-uniapp/nutui-uniapp/tree/main/packages/nutui,67,17
/nutui-uniapp/nutui-uniapp/tree/main/packages/nutui/components,39,12
/nutui-uniapp/nutui-uniapp/pulls,31,8
/nutui-uniapp/nutui-uniapp/blob/main/CONTRIBUTING.md,27,7
/nutui-uniapp/nutui-uniapp/tree/main/example,23,8
/nutui-uniapp/nutui-uniapp/blob/main/packages/nutui/components/list/list.vue,16,1
/nutui-uniapp/nutui-uniapp/tree/main/packages/nutui/components/popup,16,1
